-- CONFSUBMIT dump 2013-04-08 16:27:05 v1
-- Extra:NAMES (the following dump contains rows in sbmALLFUNCDESCR, sbmFUNDESC, sbmFIELD and sbmFIELDDESC tables which are not specific to this submission, but that include keyword CONFSUBMIT)

DELETE FROM sbmFUNDESC WHERE function LIKE 'CONFSUBMIT%';
DELETE FROM sbmFIELD WHERE subname LIKE '%CONFSUBMIT';
DELETE FROM sbmFIELDDESC WHERE name LIKE 'CONFSUBMIT%';
DELETE FROM sbmALLFUNCDESCR WHERE function LIKE 'CONFSUBMIT%';
DELETE FROM sbmDOCTYPE WHERE sdocname='CONFSUBMIT';
DELETE FROM sbmCATEGORIES WHERE doctype ='CONFSUBMIT';
DELETE FROM sbmFUNCTIONS WHERE doctype='CONFSUBMIT';
DELETE FROM sbmIMPLEMENT WHERE docname='CONFSUBMIT';
DELETE FROM sbmPARAMETERS WHERE doctype='CONFSUBMIT';
INSERT INTO sbmALLFUNCDESCR VALUES ('CONFSUBMIT_CNum_Generation',NULL);
INSERT INTO sbmALLFUNCDESCR VALUES ('CONFSUBMIT_Insert_Record',NULL);
INSERT INTO sbmALLFUNCDESCR VALUES ('CONFSUBMIT_Is_Original_Submitter',NULL);
INSERT INTO sbmALLFUNCDESCR VALUES ('CONFSUBMIT_Mail_Submitter','This function send an email to the submitter to warn him the document he has just submitted has been correctly received.  Parameters:    * authorfile: Name of the file containing the authors of the                 document    * titleFile: Name of the file');
INSERT INTO sbmALLFUNCDESCR VALUES ('CONFSUBMIT_Print_Success','');
INSERT INTO sbmALLFUNCDESCR VALUES ('CONFSUBMIT_Send_APP_Mail','This function send an email informing the original submitter of a document that the referee has approved/ rejected the document.  Parameters:     * addressesAPP: email addresses of the people who will receive      this email (comma separated list). this p');
INSERT INTO sbmALLFUNCDESCR VALUES ('CONFSUBMIT_Send_Approval_Request',NULL);
INSERT INTO sbmCATEGORIES VALUES ('CONFSUBMIT','CONF','New Conference',1);
INSERT INTO sbmDOCTYPE VALUES ('Conf Submission Form','CONFSUBMIT','2012-02-14','2012-02-14','Conference submission form');
INSERT INTO sbmFIELD VALUES ('APPCONFSUBMIT',1,1,'CONFSUBMIT_IRN','<table width=\"100%\" bgcolor=\"#D3E3E2\" align=\"center\" cellspacing=\"2\" cellpadding=\"2\" border=\"1\"><tr><td align=\"left\"><br /><b>Approve or reject a CONFERENCE submission:</b><br /><br /><span style=\'color: red;\'>*</span>Conference Reference Number:&nbsp;&nbsp;','M','','','2012-02-16','2013-01-21',NULL,NULL);
INSERT INTO sbmFIELD VALUES ('APPCONFSUBMIT',1,2,'CONFSUBMIT_DCSN','<br /><br /><span style=\"color: red;\">*</span>Decision:<br />','M','','','2012-02-16','2012-02-16',NULL,NULL);
INSERT INTO sbmFIELD VALUES ('APPCONFSUBMIT',1,3,'CONFSUBMIT_CMMT','<br /><br />Comments on Decision:<br />','O','','','2012-02-16','2012-02-16',NULL,NULL);
INSERT INTO sbmFIELD VALUES ('APPCONFSUBMIT',1,4,'CONFSUBMIT_END','<br /><br /></td></tr></table>','O','','','2012-02-16','2012-02-16',NULL,NULL);
INSERT INTO sbmFIELD VALUES ('MBICONFSUBMIT',1,1,'CONFSUBMIT_IRN','<table width=\"100%\" bgcolor=\"#D3E3E2\" align=\"center\" cellspacing=\"2\" cellpadding=\"2\" border=\"1\"><tr><td align=\"left\"><br /><b>Modify an article\'s bibliographic information:</b><br /><br /><span style=\'color: red;\'>*</span>Document Reference Number:&nbsp;&nbsp;','M','Reference Number','','2012-02-16','2012-02-16',NULL,NULL);
INSERT INTO sbmFIELD VALUES ('MBICONFSUBMIT',1,2,'CONFSUBMIT_CHAN','<br /><br /><span style=\"color: red;\">*</span>Choose the fields to be modified:<br />','O','Fields to Modify','','2012-02-16','2012-02-16',NULL,NULL);
INSERT INTO sbmFIELD VALUES ('MBICONFSUBMIT',1,3,'CONFSUBMIT_CNT','<br /><br /></td></tr></table>','O','','','2012-02-16','2012-02-16',NULL,NULL);
INSERT INTO sbmFIELD VALUES ('SBICONFSUBMIT',1,1,'CONFSUBMIT_REFE','<TABLE CLASS=submission WIDTH=100% BGCOLOR=\"#D3E3E2\" ALIGN=\"center\" CELLSPACING=\"2\" CELLPADDING=\"2\" BORDER=\"1\"><TR><TD ALIGN=\"left\"><br /><b>Submit a Conference:</b><br /><br />Your Email: <font color=\"red\">(Required)</font><br />','M','Your email','','2012-02-15','2012-09-27',NULL,NULL);
INSERT INTO sbmFIELD VALUES ('SBICONFSUBMIT',1,10,'CONFSUBMIT_SNR','<br /><br />Series number: </br />','O','','','2013-01-17','2013-01-17',NULL,NULL);
INSERT INTO sbmFIELD VALUES ('SBICONFSUBMIT',1,11,'CONFSUBMIT_SDAT','<br /><br />Start Date: <i>(yyyy-mm-dd)</i> <font color=\"red\">(Required)</font><br />','M','Start date','','2012-02-15','2013-01-17',NULL,NULL);
INSERT INTO sbmFIELD VALUES ('SBICONFSUBMIT',1,12,'CONFSUBMIT_FDAT','<br /><br />End Date: <i>(yyyy-mm-dd)</i> <font color=\"red\">(Required)</font><br />','M','End date','','2012-02-15','2013-01-17',NULL,NULL);
INSERT INTO sbmFIELD VALUES ('SBICONFSUBMIT',1,13,'CONFSUBMIT_CITY','<br /><br />City: <font color=\"red\">(Required)</font></br />','O','','','2012-02-15','2013-01-17',NULL,NULL);
INSERT INTO sbmFIELD VALUES ('SBICONFSUBMIT',1,14,'CONFSUBMIT_STAT','<br /><br />State/Province: </br />','O','','','2012-02-15','2013-01-17',NULL,NULL);
INSERT INTO sbmFIELD VALUES ('SBICONFSUBMIT',1,15,'CONFSUBMIT_CNTR','<br /><br />Country: <font color=\"red\">(Required)</font></br />','O','','','2012-02-15','2013-01-17',NULL,NULL);
INSERT INTO sbmFIELD VALUES ('SBICONFSUBMIT',1,16,'CONFSUBMIT_FIEL','<br /><br />Field of interest: <br /><small><i>Hold the Control key to choose multiple fields</i></small><br />','O','','','2012-02-15','2013-01-17',NULL,NULL);
INSERT INTO sbmFIELD VALUES ('SBICONFSUBMIT',1,17,'CONFSUBMIT_ABST','<br /><br />Description:</br />','O','','','2012-02-15','2013-01-17',NULL,NULL);
INSERT INTO sbmFIELD VALUES ('SBICONFSUBMIT',1,18,'CONFSUBMIT_ADD','<br /><br />Additional Information:</br />','O','','','2012-02-15','2013-01-17',NULL,NULL);
INSERT INTO sbmFIELD VALUES ('SBICONFSUBMIT',1,19,'CONFSUBMIT_PROC','<br /><br />Proceedings:<br /><small><i>Select an option to unlock the text field</i></small><br />','O','','','2012-02-29','2013-01-17',NULL,NULL);
INSERT INTO sbmFIELD VALUES ('SBICONFSUBMIT',1,2,'CONFSUBMIT_NAME','<br /><br />Your Name:<br />','O','','','2012-09-21','2012-09-21',NULL,NULL);
INSERT INTO sbmFIELD VALUES ('SBICONFSUBMIT',1,20,'CONFSUBMIT_FREE','<br /><br />Keywords:</br /><small><i>One keyword per line</i></small><br />','O','','','2012-02-29','2013-01-17',NULL,NULL);
INSERT INTO sbmFIELD VALUES ('SBICONFSUBMIT',1,21,'CONFSUBMIT_END','<br /><br /></td></tr></table><br />','O','','','2012-02-15','2013-01-17',NULL,NULL);
INSERT INTO sbmFIELD VALUES ('SBICONFSUBMIT',1,3,'CONFSUBMIT_TITL','<br /><br />Conference Title: <font color=\"red\">(Required)</font></br />','M','Conference Title','','2012-02-15','2012-09-27',NULL,NULL);
INSERT INTO sbmFIELD VALUES ('SBICONFSUBMIT',1,4,'CONFSUBMIT_SUBT','<br /><br />Subtitle:</br />','O','','','2012-02-29','2012-02-29',NULL,NULL);
INSERT INTO sbmFIELD VALUES ('SBICONFSUBMIT',1,5,'CONFSUBMIT_SHOR','<br /><br />Short Title (Acronym):</br />','O','','','2012-02-29','2012-09-21',NULL,NULL);
INSERT INTO sbmFIELD VALUES ('SBICONFSUBMIT',1,6,'CONFSUBMIT_CONT','<br /><br />Name of Contact: </br />','O','','','2012-02-15','2012-09-21',NULL,NULL);
INSERT INTO sbmFIELD VALUES ('SBICONFSUBMIT',1,7,'CONFSUBMIT_EMAI','<br /><br />Email of Contact: </br />','O','','','2012-02-15','2012-09-21',NULL,NULL);
INSERT INTO sbmFIELD VALUES ('SBICONFSUBMIT',1,8,'CONFSUBMIT_URL','<br /><br />URL:</br />','O','','','2012-02-16','2012-02-16',NULL,NULL);
INSERT INTO sbmFIELD VALUES ('SBICONFSUBMIT',1,9,'CONFSUBMIT_SNAM','<br /><br />Series name: </br />','O','','','2013-01-17','2013-01-17',NULL,NULL);
INSERT INTO sbmFIELDDESC VALUES ('CONFSUBMIT_ABST',NULL,'520__a','T',NULL,20,80,NULL,NULL,NULL,'2012-02-15','2012-02-15','<br />Descriptionrmation:<br />',NULL,0);
INSERT INTO sbmFIELDDESC VALUES ('CONFSUBMIT_ADD',NULL,'500__a','T',NULL,10,80,NULL,NULL,NULL,'2012-02-15','2012-02-15','<br />Descriptionrmation:<br />',NULL,0);
INSERT INTO sbmFIELDDESC VALUES ('CONFSUBMIT_CHAN',NULL,'','S',NULL,NULL,NULL,NULL,NULL,'<select name=\"CONFSUBMIT_CHAN[]\" size=\"8\" multiple>\r\n <option value=\"CONFSUBMIT_TITL\">Title</option>\r\n <option value=\"CONFSUBMIT_SUBT\">Subtitle</option>\r\n <option value=\"CONFSUBMIT_SHOR\">Short Title</option>\r\n <option value=\"CONFSUBMIT_CONT\">Contact Name</option>\r\n <option value=\"CONFUBMIT_EMAI\">Contact Email</option>\r\n <option value=\"CONFUBMIT_URL\">URL</option>\r\n <option value=\"CONFSUBMIT_SDAT\">Start Date</option>\r\n <option value=\"CONFSUBMIT_FDAT\">End Date</option>\r\n <option value=\"CONFSUBMIT_CITY\">City</option>\r\n <option value=\"CONFSUBMIT_STAT\">State</option>\r\n <option value=\"CONFSUBMIT_CNTR\">URL</option>\r\n <option value=\"CONFSUBMIT_FIEL\">Field of Interest</option>\r\n <option value=\"CONFSUBMIT_ABST\">Description</option>\r\n <option value=\"CONFSUBMIT_ADD\">Additional Info</option>\r\n <option value=\"CONFSUBMIT_PROC\">Proceedings</option>\r\n <option value=\"CONFSUBMIT_FREE\">Keywords</option>\r\n <option value=\"CONFUBMIT_REFE\">Submission Email</option>\r\n</select>','2012-02-16','2012-03-01',NULL,NULL,0);
INSERT INTO sbmFIELDDESC VALUES ('CONFSUBMIT_CITY',NULL,'111__c','I',NULL,NULL,NULL,NULL,NULL,NULL,'2012-02-15','2012-02-15','<br />City:<br />',NULL,0);
INSERT INTO sbmFIELDDESC VALUES ('CONFSUBMIT_CMMT',NULL,'','T',NULL,6,60,NULL,NULL,NULL,'2012-02-16','2012-02-16',NULL,NULL,0);
INSERT INTO sbmFIELDDESC VALUES ('CONFSUBMIT_CNT',NULL,'','D',NULL,NULL,NULL,NULL,NULL,'<div align=\"center\">\r\n<input type=\"button\" class=\"adminbutton\" width=\"400\" height=\"50\" name=\"endS\" value=\"Continue\" onclick=\"finish();\" />\r\n</div>','2012-02-16','2012-02-16',NULL,NULL,0);
INSERT INTO sbmFIELDDESC VALUES ('CONFSUBMIT_CNTR',NULL,'111__c','I',NULL,NULL,NULL,NULL,NULL,NULL,'2012-02-15','2012-02-15','<br />Country:<br />',NULL,0);
INSERT INTO sbmFIELDDESC VALUES ('CONFSUBMIT_CONT',NULL,'270__p','I',NULL,NULL,NULL,NULL,NULL,NULL,'2012-02-15','2012-02-15','<br />Name of Contact:<br />',NULL,0);
INSERT INTO sbmFIELDDESC VALUES ('CONFSUBMIT_DCSN',NULL,'','D',NULL,NULL,NULL,NULL,NULL,'<input type=\"radio\" value=\"approve\" checked name=\"CONFSUBMIT_DCSN\">Approve<br/>\r\n<input type=\"radio\" value=\"reject\" name=\"CONFSUBMIT_DCSN\">Reject<br/>','2012-02-16','2013-04-08',NULL,NULL,0);
INSERT INTO sbmFIELDDESC VALUES ('CONFSUBMIT_EMAI',NULL,'270__m','I',NULL,NULL,NULL,NULL,NULL,NULL,'2012-02-15','2012-02-15','<br />Email of Contact:<br />',NULL,0);
INSERT INTO sbmFIELDDESC VALUES ('CONFSUBMIT_END',NULL,'','D',NULL,NULL,NULL,NULL,NULL,'<INPUT TYPE=\"button\" class=\"submissionbutton\" name=\"CONFSUBMIT_END\" width=\"400\" height=\"50\" value=\"Finish Submission\" onclick=\"finish();\">','2012-02-15','2012-02-15',NULL,NULL,0);
INSERT INTO sbmFIELDDESC VALUES ('CONFSUBMIT_FDAT',NULL,'','D',NULL,NULL,NULL,NULL,NULL,'<input type=\"text\" value=\"\" onBlur=\"defText(this)\" onFocus=\"clearText(this)\" placeholder=\"yyyy-mm-dd\" class=\"datepicker\" name=\"CONFSUBMIT_FDAT\">','2012-02-15','2012-02-16','<br />End Date:<br />',NULL,0);
INSERT INTO sbmFIELDDESC VALUES ('CONFSUBMIT_FIEL',NULL,'65017a','D',NULL,NULL,NULL,NULL,NULL,'<select name=\"CONFSUBMIT_FIEL\" multiple=\"yes\"> \r\n<option value=\"Accelerators\">Accelerators</option>\r\n<option value=\"Astrophysics\">Astrophysics</option> \r\n<option value=\"Computing\">Computing</option> \r\n<option value=\"Experiment-HEP\">Experiment-HEP</option>\r\n<option value=\"Experiment-Nucl\">Experiment-Nucl</option>\r\n<option value=\"Gravitation and Cosmology\">Gravitation and Cosmology</option>\r\n<option value=\"Instrumentation\">Instrumentation</option>\r\n<option value=\"Lattice\">Lattice</option>\r\n<option value=\"Math and Math Physics\">Math and Math Physics</option>\r\n<option value=\"Other\">Other</option>\r\n<option value=\"Phenomenology-HEP\">Phenomenology-HEP</option>\r\n<option value=\"Theory-HEP\">Theory-HEP</option>\r\n<option value=\"Theory-Nucl\">Theory-Nucl</option>\r\n</select>','2012-02-15','2013-01-29','<br />Field of Interest:<br />',NULL,0);
INSERT INTO sbmFIELDDESC VALUES ('CONFSUBMIT_FREE',NULL,'6531_a','T',NULL,5,80,NULL,NULL,NULL,'2012-02-29','2012-09-26','<br />Keywords:<br />',NULL,0);
INSERT INTO sbmFIELDDESC VALUES ('CONFSUBMIT_IRN',NULL,'970__a','D',30,NULL,NULL,NULL,NULL,'<input disabled type=\"text\" value=\"\" size=\"30\" name=\"CONFSUBMIT_IRN\">','2012-02-14','2013-04-08',NULL,NULL,0);
INSERT INTO sbmFIELDDESC VALUES ('CONFSUBMIT_NAME',NULL,'','I',NULL,NULL,NULL,NULL,NULL,NULL,'2012-09-21','2012-09-21','<br />Your name:<br />',NULL,0);
INSERT INTO sbmFIELDDESC VALUES ('CONFSUBMIT_PROC',NULL,'773__x','D',NULL,NULL,NULL,NULL,NULL,'<input type=\"radio\" name=\"CONFSUBMIT_PROC_RADIO\" value=\"0\" class=\"proceedings_radio\" onchange=\"if ($(this).is(\':checked\')) $(\'#proceedings_text\').prop(\'disabled\', true);\" /><label>No proceedings</label>\r\n<input type=\"radio\" name=\"CONFSUBMIT_PROC_RADIO\" value=\"1\" class=\"proceedings_radio\" onchange=\"if ($(this).is(\':checked\')) $(\'#proceedings_text\').prop(\'disabled\', false);\" /><label>Published in:</label>\r\n<input type=\"radio\" name=\"CONFSUBMIT_PROC_RADIO\" value=\"2\" class=\"proceedings_radio\" onchange=\"if ($(this).is(\':checked\')) $(\'#proceedings_text\').prop(\'disabled\', false);\" /><label>Will be published in:</label>\r\n<input type=\"text\" disabled=\"disabled\" value=\"\" id=\"proceedings_text\" name=\"CONFSUBMIT_PROC_TEXT\">','2012-02-29','2012-09-26','<br />Proceedings:<br />',NULL,0);
INSERT INTO sbmFIELDDESC VALUES ('CONFSUBMIT_REFE',NULL,'','I',NULL,NULL,NULL,NULL,NULL,NULL,'2012-02-15','2012-02-15','<br />Email for Submission:<br />',NULL,0);
INSERT INTO sbmFIELDDESC VALUES ('CONFSUBMIT_SDAT',NULL,'','D',NULL,NULL,NULL,NULL,NULL,'<input type=\"text\" value=\"\" onBlur=\"defText(this)\" onFocus=\"clearText(this)\" placeholder=\"yyyy-mm-dd\" class=\"datepicker\" name=\"CONFSUBMIT_SDAT\">','2012-02-15','2012-02-16','<br />Start Date:<br />',NULL,0);
INSERT INTO sbmFIELDDESC VALUES ('CONFSUBMIT_SHOR',NULL,'111__e','I',NULL,NULL,NULL,NULL,NULL,NULL,'2012-02-29','2012-02-29','<br />Short Title:<br />',NULL,0);
INSERT INTO sbmFIELDDESC VALUES ('CONFSUBMIT_SNAM',NULL,'411__a','I',NULL,NULL,NULL,NULL,NULL,NULL,'2013-01-17','2013-01-17','<br />Series name:<br />',NULL,0);
INSERT INTO sbmFIELDDESC VALUES ('CONFSUBMIT_SNR',NULL,'','I',NULL,NULL,NULL,NULL,NULL,NULL,'2013-01-17','2013-01-17','<br />Series number:<br />',NULL,0);
INSERT INTO sbmFIELDDESC VALUES ('CONFSUBMIT_STAT',NULL,'111__c','I',NULL,NULL,NULL,NULL,NULL,NULL,'2012-02-15','2012-02-15','<br />State : <br />',NULL,0);
INSERT INTO sbmFIELDDESC VALUES ('CONFSUBMIT_SUBT',NULL,'111__b','I',NULL,NULL,NULL,NULL,NULL,NULL,'2012-02-29','2012-02-29','<br />Subtitle:<br />',NULL,0);
INSERT INTO sbmFIELDDESC VALUES ('CONFSUBMIT_TITL',NULL,'111__a','I',NULL,NULL,NULL,NULL,NULL,NULL,'2012-02-15','2012-02-15','<br />Title:<br />',NULL,0);
INSERT INTO sbmFIELDDESC VALUES ('CONFSUBMIT_URL',NULL,'8564_u','I',NULL,NULL,NULL,NULL,NULL,NULL,'2012-02-15','2012-02-15','<br />URL:<br />',NULL,0);
INSERT INTO sbmFUNCTIONS VALUES ('APP','CONFSUBMIT','CONFSUBMIT_CNum_Generation',50,2);
INSERT INTO sbmFUNCTIONS VALUES ('APP','CONFSUBMIT','CONFSUBMIT_Insert_Record',70,2);
INSERT INTO sbmFUNCTIONS VALUES ('APP','CONFSUBMIT','CONFSUBMIT_Send_APP_Mail',100,2);
INSERT INTO sbmFUNCTIONS VALUES ('APP','CONFSUBMIT','CaseEDS',40,1);
INSERT INTO sbmFUNCTIONS VALUES ('APP','CONFSUBMIT','Get_Info',40,2);
INSERT INTO sbmFUNCTIONS VALUES ('APP','CONFSUBMIT','Get_Info',40,3);
INSERT INTO sbmFUNCTIONS VALUES ('APP','CONFSUBMIT','Get_Recid',30,2);
INSERT INTO sbmFUNCTIONS VALUES ('APP','CONFSUBMIT','Get_Recid',30,3);
INSERT INTO sbmFUNCTIONS VALUES ('APP','CONFSUBMIT','Get_Report_Number',10,1);
INSERT INTO sbmFUNCTIONS VALUES ('APP','CONFSUBMIT','Get_Report_Number',10,2);
INSERT INTO sbmFUNCTIONS VALUES ('APP','CONFSUBMIT','Get_Report_Number',10,3);
INSERT INTO sbmFUNCTIONS VALUES ('APP','CONFSUBMIT','Is_Referee',30,1);
INSERT INTO sbmFUNCTIONS VALUES ('APP','CONFSUBMIT','Make_Record',60,2);
INSERT INTO sbmFUNCTIONS VALUES ('APP','CONFSUBMIT','Move_From_Pending',20,2);
INSERT INTO sbmFUNCTIONS VALUES ('APP','CONFSUBMIT','Move_From_Pending',20,3);
INSERT INTO sbmFUNCTIONS VALUES ('APP','CONFSUBMIT','Move_to_Done',110,2);
INSERT INTO sbmFUNCTIONS VALUES ('APP','CONFSUBMIT','Move_to_Done',70,3);
INSERT INTO sbmFUNCTIONS VALUES ('APP','CONFSUBMIT','Print_Success_APP',60,3);
INSERT INTO sbmFUNCTIONS VALUES ('APP','CONFSUBMIT','Print_Success_APP',90,2);
INSERT INTO sbmFUNCTIONS VALUES ('APP','CONFSUBMIT','Test_Status',20,1);
INSERT INTO sbmFUNCTIONS VALUES ('APP','CONFSUBMIT','Update_Approval_DB',50,3);
INSERT INTO sbmFUNCTIONS VALUES ('APP','CONFSUBMIT','Update_Approval_DB',80,2);
INSERT INTO sbmFUNCTIONS VALUES ('MBI','CONFSUBMIT','CONFSUBMIT_Is_Original_Submitter',30,1);
INSERT INTO sbmFUNCTIONS VALUES ('MBI','CONFSUBMIT','CONFSUBMIT_Is_Original_Submitter',30,2);
INSERT INTO sbmFUNCTIONS VALUES ('MBI','CONFSUBMIT','Create_Modify_Interface',40,1);
INSERT INTO sbmFUNCTIONS VALUES ('MBI','CONFSUBMIT','Get_Recid',20,1);
INSERT INTO sbmFUNCTIONS VALUES ('MBI','CONFSUBMIT','Get_Recid',20,2);
INSERT INTO sbmFUNCTIONS VALUES ('MBI','CONFSUBMIT','Get_Report_Number',10,1);
INSERT INTO sbmFUNCTIONS VALUES ('MBI','CONFSUBMIT','Get_Report_Number',10,2);
INSERT INTO sbmFUNCTIONS VALUES ('MBI','CONFSUBMIT','Insert_Modify_Record',50,2);
INSERT INTO sbmFUNCTIONS VALUES ('MBI','CONFSUBMIT','Make_Modify_Record',40,2);
INSERT INTO sbmFUNCTIONS VALUES ('MBI','CONFSUBMIT','Move_to_Done',80,2);
INSERT INTO sbmFUNCTIONS VALUES ('MBI','CONFSUBMIT','Print_Success_MBI',60,2);
INSERT INTO sbmFUNCTIONS VALUES ('MBI','CONFSUBMIT','Send_Modify_Mail',70,2);
INSERT INTO sbmFUNCTIONS VALUES ('SBI','CONFSUBMIT','CONFSUBMIT_Mail_Submitter',40,1);
INSERT INTO sbmFUNCTIONS VALUES ('SBI','CONFSUBMIT','CONFSUBMIT_Print_Success',70,1);
INSERT INTO sbmFUNCTIONS VALUES ('SBI','CONFSUBMIT','CONFSUBMIT_Send_Approval_Request',60,1);
INSERT INTO sbmFUNCTIONS VALUES ('SBI','CONFSUBMIT','Create_Recid',10,1);
INSERT INTO sbmFUNCTIONS VALUES ('SBI','CONFSUBMIT','Make_Dummy_MARC_XML_Record',30,1);
INSERT INTO sbmFUNCTIONS VALUES ('SBI','CONFSUBMIT','Move_to_Pending',80,1);
INSERT INTO sbmFUNCTIONS VALUES ('SBI','CONFSUBMIT','Report_Number_Generation',20,1);
INSERT INTO sbmFUNCTIONS VALUES ('SBI','CONFSUBMIT','Update_Approval_DB',50,1);
INSERT INTO sbmFUNDESC VALUES ('CONFSUBMIT_CNum_Generation','cnum');
INSERT INTO sbmFUNDESC VALUES ('CONFSUBMIT_CNum_Generation','sdat');
INSERT INTO sbmFUNDESC VALUES ('CONFSUBMIT_Mail_Submitter','authorfile');
INSERT INTO sbmFUNDESC VALUES ('CONFSUBMIT_Mail_Submitter','edsrn');
INSERT INTO sbmFUNDESC VALUES ('CONFSUBMIT_Mail_Submitter','emailFile');
INSERT INTO sbmFUNDESC VALUES ('CONFSUBMIT_Mail_Submitter','newrnin');
INSERT INTO sbmFUNDESC VALUES ('CONFSUBMIT_Mail_Submitter','status');
INSERT INTO sbmFUNDESC VALUES ('CONFSUBMIT_Mail_Submitter','titleFile');
INSERT INTO sbmFUNDESC VALUES ('CONFSUBMIT_Print_Success','edsrn');
INSERT INTO sbmFUNDESC VALUES ('CONFSUBMIT_Print_Success','newrnin');
INSERT INTO sbmFUNDESC VALUES ('CONFSUBMIT_Print_Success','status');
INSERT INTO sbmFUNDESC VALUES ('CONFSUBMIT_Send_APP_Mail','addressesAPP');
INSERT INTO sbmFUNDESC VALUES ('CONFSUBMIT_Send_APP_Mail','authorfile');
INSERT INTO sbmFUNDESC VALUES ('CONFSUBMIT_Send_APP_Mail','categformatAPP');
INSERT INTO sbmFUNDESC VALUES ('CONFSUBMIT_Send_APP_Mail','comments_file');
INSERT INTO sbmFUNDESC VALUES ('CONFSUBMIT_Send_APP_Mail','decision_file');
INSERT INTO sbmFUNDESC VALUES ('CONFSUBMIT_Send_APP_Mail','edsrn');
INSERT INTO sbmFUNDESC VALUES ('CONFSUBMIT_Send_APP_Mail','emailFile');
INSERT INTO sbmFUNDESC VALUES ('CONFSUBMIT_Send_APP_Mail','newrnin');
INSERT INTO sbmFUNDESC VALUES ('CONFSUBMIT_Send_Approval_Request','abstractfile');
INSERT INTO sbmFUNDESC VALUES ('CONFSUBMIT_Send_Approval_Request','addressesDAM');
INSERT INTO sbmFUNDESC VALUES ('CONFSUBMIT_Send_Approval_Request','categformatDAM');
INSERT INTO sbmFUNDESC VALUES ('CONFSUBMIT_Send_Approval_Request','cityfile');
INSERT INTO sbmFUNDESC VALUES ('CONFSUBMIT_Send_Approval_Request','contactemailfile');
INSERT INTO sbmFUNDESC VALUES ('CONFSUBMIT_Send_Approval_Request','contactnamefile');
INSERT INTO sbmFUNDESC VALUES ('CONFSUBMIT_Send_Approval_Request','countryfile');
INSERT INTO sbmFUNDESC VALUES ('CONFSUBMIT_Send_Approval_Request','directory');
INSERT INTO sbmFUNDESC VALUES ('CONFSUBMIT_Send_Approval_Request','fieldfile');
INSERT INTO sbmFUNDESC VALUES ('CONFSUBMIT_Send_Approval_Request','fndatefile');
INSERT INTO sbmFUNDESC VALUES ('CONFSUBMIT_Send_Approval_Request','keywords');
INSERT INTO sbmFUNDESC VALUES ('CONFSUBMIT_Send_Approval_Request','proceedings');
INSERT INTO sbmFUNDESC VALUES ('CONFSUBMIT_Send_Approval_Request','seriesnamefile');
INSERT INTO sbmFUNDESC VALUES ('CONFSUBMIT_Send_Approval_Request','seriesnumberfile');
INSERT INTO sbmFUNDESC VALUES ('CONFSUBMIT_Send_Approval_Request','shorttitle');
INSERT INTO sbmFUNDESC VALUES ('CONFSUBMIT_Send_Approval_Request','statefile');
INSERT INTO sbmFUNDESC VALUES ('CONFSUBMIT_Send_Approval_Request','stdatefile');
INSERT INTO sbmFUNDESC VALUES ('CONFSUBMIT_Send_Approval_Request','submitteremailfile');
INSERT INTO sbmFUNDESC VALUES ('CONFSUBMIT_Send_Approval_Request','submitternamefile');
INSERT INTO sbmFUNDESC VALUES ('CONFSUBMIT_Send_Approval_Request','subtitle');
INSERT INTO sbmFUNDESC VALUES ('CONFSUBMIT_Send_Approval_Request','titleFile');
INSERT INTO sbmFUNDESC VALUES ('CONFSUBMIT_Send_Approval_Request','urlfile');
INSERT INTO sbmIMPLEMENT VALUES ('CONFSUBMIT','APP','Y','APPCONFSUBMIT',1,'2012-02-14','2013-01-21',3,'','',0,1,'');
INSERT INTO sbmIMPLEMENT VALUES ('CONFSUBMIT','MBI','Y','MBICONFSUBMIT',1,'2012-02-14','2012-02-16',2,'','',0,0,'');
INSERT INTO sbmIMPLEMENT VALUES ('CONFSUBMIT','SBI','Y','SBICONFSUBMIT',1,'2012-02-14','2013-01-17',1,'','',0,0,' ');
INSERT INTO sbmPARAMETERS VALUES ('CONFSUBMIT','abstractfile','CONFSUBMIT_ABST');
INSERT INTO sbmPARAMETERS VALUES ('CONFSUBMIT','addressesAPP','');
INSERT INTO sbmPARAMETERS VALUES ('CONFSUBMIT','addressesDAM','conf@inspirehep.net');
INSERT INTO sbmPARAMETERS VALUES ('CONFSUBMIT','affiliationfile','JOBSUBMIT_AFFIL');
INSERT INTO sbmPARAMETERS VALUES ('CONFSUBMIT','authorfile','CONFSUBMIT_CONT');
INSERT INTO sbmPARAMETERS VALUES ('CONFSUBMIT','autorngen','Y');
INSERT INTO sbmPARAMETERS VALUES ('CONFSUBMIT','casedefault','approve');
INSERT INTO sbmPARAMETERS VALUES ('CONFSUBMIT','casesteps','2,3');
INSERT INTO sbmPARAMETERS VALUES ('CONFSUBMIT','casevalues','approve,reject');
INSERT INTO sbmPARAMETERS VALUES ('CONFSUBMIT','casevariable','CONFSUBMIT_DCSN');
INSERT INTO sbmPARAMETERS VALUES ('CONFSUBMIT','categformatDAM','CONFSUBMIT-<CATEG>-.*');
INSERT INTO sbmPARAMETERS VALUES ('CONFSUBMIT','cityfile','CONFSUBMIT_CITY');
INSERT INTO sbmPARAMETERS VALUES ('CONFSUBMIT','cnum','CONFSUBMIT_CNUM');
INSERT INTO sbmPARAMETERS VALUES ('CONFSUBMIT','comments_file','CONFSUBMIT_CMMT');
INSERT INTO sbmPARAMETERS VALUES ('CONFSUBMIT','contactemailfile','CONFSUBMIT_EMAI');
INSERT INTO sbmPARAMETERS VALUES ('CONFSUBMIT','contactnamefile','CONFSUBMIT_CONT');
INSERT INTO sbmPARAMETERS VALUES ('CONFSUBMIT','counterpath','lastid_CONFSUBMIT_CONF_<PA>yy</PA>   ');
INSERT INTO sbmPARAMETERS VALUES ('CONFSUBMIT','countryfile','CONFSUBMIT_CNTR');
INSERT INTO sbmPARAMETERS VALUES ('CONFSUBMIT','createTemplate','CONFSUBMITcreate.tpl');
INSERT INTO sbmPARAMETERS VALUES ('CONFSUBMIT','datefile','JOBSUBMIT_DATE');
INSERT INTO sbmPARAMETERS VALUES ('CONFSUBMIT','decision_file','CONFSUBMIT_DCSN');
INSERT INTO sbmPARAMETERS VALUES ('CONFSUBMIT','dummyrec_create_tpl','None');
INSERT INTO sbmPARAMETERS VALUES ('CONFSUBMIT','dummyrec_source_tpl','None');
INSERT INTO sbmPARAMETERS VALUES ('CONFSUBMIT','edsrn','CONFSUBMIT_IRN');
INSERT INTO sbmPARAMETERS VALUES ('CONFSUBMIT','emailFile','CONFSUBMIT_REFE');
INSERT INTO sbmPARAMETERS VALUES ('CONFSUBMIT','experimentsfile','JOBSUBMIT_EXP');
INSERT INTO sbmPARAMETERS VALUES ('CONFSUBMIT','fieldfile','CONFSUBMIT_FIEL');
INSERT INTO sbmPARAMETERS VALUES ('CONFSUBMIT','fieldnameMBI','CONFSUBMIT_CHAN');
INSERT INTO sbmPARAMETERS VALUES ('CONFSUBMIT','fndatefile','CONFSUBMIT_FDAT');
INSERT INTO sbmPARAMETERS VALUES ('CONFSUBMIT','keywords','CONFSUBMIT_FREE');
INSERT INTO sbmPARAMETERS VALUES ('CONFSUBMIT','modifyTemplate','CONFSUBMITmodify.tpl');
INSERT INTO sbmPARAMETERS VALUES ('CONFSUBMIT','newrnin','NEWRN');
INSERT INTO sbmPARAMETERS VALUES ('CONFSUBMIT','proceedings','CONFSUBMIT_PROC');
INSERT INTO sbmPARAMETERS VALUES ('CONFSUBMIT','rankfile','JOBSUBMIT_RANK');
INSERT INTO sbmPARAMETERS VALUES ('CONFSUBMIT','referencefile','JOBSUBMIT_REFEM');
INSERT INTO sbmPARAMETERS VALUES ('CONFSUBMIT','regionfile','JOBSUBMIT_REG');
INSERT INTO sbmPARAMETERS VALUES ('CONFSUBMIT','rnformat','CONFSUBMIT-CONF-<PA>yy</PA>');
INSERT INTO sbmPARAMETERS VALUES ('CONFSUBMIT','rnin','comboCONFSUBMIT');
INSERT INTO sbmPARAMETERS VALUES ('CONFSUBMIT','sdat','CONFSUBMIT_SDAT');
INSERT INTO sbmPARAMETERS VALUES ('CONFSUBMIT','seriesnamefile','CONFSUBMIT_SNAM');
INSERT INTO sbmPARAMETERS VALUES ('CONFSUBMIT','seriesnumberfile','CONFSUBMIT_SNR');
INSERT INTO sbmPARAMETERS VALUES ('CONFSUBMIT','shorttitle','CONFSUBMIT_SHOR');
INSERT INTO sbmPARAMETERS VALUES ('CONFSUBMIT','sourceDoc','Textual Document');
INSERT INTO sbmPARAMETERS VALUES ('CONFSUBMIT','sourceTemplate','CONFSUBMIT.tpl');
INSERT INTO sbmPARAMETERS VALUES ('CONFSUBMIT','statefile','CONFSUBMIT_STAT');
INSERT INTO sbmPARAMETERS VALUES ('CONFSUBMIT','status','ADDED');
INSERT INTO sbmPARAMETERS VALUES ('CONFSUBMIT','stdatefile','CONFSUBMIT_SDAT');
INSERT INTO sbmPARAMETERS VALUES ('CONFSUBMIT','submitteremailfile','CONFSUBMIT_REFE');
INSERT INTO sbmPARAMETERS VALUES ('CONFSUBMIT','submitternamefile','CONFSUBMIT_NAME');
INSERT INTO sbmPARAMETERS VALUES ('CONFSUBMIT','subtitle','CONFSUBMIT_SUBT');
INSERT INTO sbmPARAMETERS VALUES ('CONFSUBMIT','titleFile','CONFSUBMIT_TITL');
INSERT INTO sbmPARAMETERS VALUES ('CONFSUBMIT','urlfile','CONFSUBMIT_URL');
INSERT INTO sbmPARAMETERS VALUES ('CONFSUBMIT','yeargen','AUTO');
