-- JOBSUBMIT dump 2013-05-16 16:01:42 v1
-- Extra:NAMES (the following dump contains rows in sbmALLFUNCDESCR, sbmFUNDESC, sbmFIELD and sbmFIELDDESC tables which are not specific to this submission, but that include keyword JOBSUBMIT)

DELETE FROM sbmFUNDESC WHERE function LIKE 'JOBSUBMIT%';
DELETE FROM sbmFIELD WHERE subname LIKE '%JOBSUBMIT';
DELETE FROM sbmFIELDDESC WHERE name LIKE 'JOBSUBMIT%';
DELETE FROM sbmALLFUNCDESCR WHERE function LIKE 'JOBSUBMIT%';
DELETE FROM sbmDOCTYPE WHERE sdocname='JOBSUBMIT';
DELETE FROM sbmCATEGORIES WHERE doctype ='JOBSUBMIT';
DELETE FROM sbmFUNCTIONS WHERE doctype='JOBSUBMIT';
DELETE FROM sbmIMPLEMENT WHERE docname='JOBSUBMIT';
DELETE FROM sbmPARAMETERS WHERE doctype='JOBSUBMIT';
INSERT INTO sbmALLFUNCDESCR VALUES ('JOBSUBMIT_Insert_Record',NULL);
INSERT INTO sbmALLFUNCDESCR VALUES ('JOBSUBMIT_Is_Original_Submitter','');
INSERT INTO sbmALLFUNCDESCR VALUES ('JOBSUBMIT_Mail_Submitter','This function send an email to the submitter to warn them that the document they have just submitted has been correctly received.  Parameters:    * authorfile: Name of the file containing the authors of the                 document    * titleFile: Name of');
INSERT INTO sbmALLFUNCDESCR VALUES ('JOBSUBMIT_Print_Success','This function simply displays a text on the screen, telling the user the submission went fine. To be used in the \'Submit New Record\' action.  Parameters:     * status: Depending on the value of this parameter, the      function adds an additional text to ');
INSERT INTO sbmALLFUNCDESCR VALUES ('JOBSUBMIT_Send_APP_Mail',NULL);
INSERT INTO sbmALLFUNCDESCR VALUES ('JOBSUBMIT_Send_Approval_Request',NULL);
INSERT INTO sbmALLFUNCDESCR VALUES ('JOBSUBMIT_Split_Line','Split one line into multiple lines on \"; \" separator');
INSERT INTO sbmCATEGORIES VALUES ('JOBSUBMIT','JOB','Job Vacancy',1);
INSERT INTO sbmDOCTYPE VALUES ('Job Submission form','JOBSUBMIT','2011-09-05','2011-09-05','Job submission form');
INSERT INTO sbmFIELD VALUES ('APPJOBSUBMIT',1,1,'JOBSUBMIT_IRN','<table width=\"100%\" bgcolor=\"#D3E3E2\" align=\"center\" cellspacing=\"2\" cellpadding=\"2\" border=\"1\"><tr><td align=\"left\"><br /><b>Approve or reject a JOB submission:</b><br /><br /><span style=\'color: red;\'>*</span>Job Reference Number:&nbsp;&nbsp;','M','Reference Number','','2011-10-18','2011-10-18',NULL,NULL);
INSERT INTO sbmFIELD VALUES ('APPJOBSUBMIT',1,2,'JOBSUBMIT_DECSN','<br /><br /><span style=\"color: red;\">*</span>Decision:<br /> ','M','Decision','','2011-10-18','2011-10-18',NULL,NULL);
INSERT INTO sbmFIELD VALUES ('APPJOBSUBMIT',1,3,'JOBSUBMIT_COMNT','<br /><br />Comments on Decision:<br />','O','Referee\'s Comments','','2011-10-18','2011-10-18',NULL,NULL);
INSERT INTO sbmFIELD VALUES ('APPJOBSUBMIT',1,4,'JOBSUBMIT_END','<br /><br /></td></tr></table>','O','','','2011-09-21','2011-09-21',NULL,NULL);
INSERT INTO sbmFIELD VALUES ('MBIJOBSUBMIT',1,1,'JOBSUBMIT_IRN','<table width=\"100%\" bgcolor=\"#D3E3E2\" align=\"center\" cellspacing=\"2\" cellpadding=\"2\" border=\"1\"><tr><td align=\"left\"><br /><b>Modify an article\'s bibliographic information:</b><br /><br /><span style=\'color: red;\'>*</span>Document Reference Number:&nbsp;&nbsp;','M','Reference Number','','2011-09-21','2011-09-21',NULL,NULL);
INSERT INTO sbmFIELD VALUES ('MBIJOBSUBMIT',1,2,'JOBSUBMIT_CHANG','<br /><br /><span style=\"color: red;\">*</span>Choose the fields to be modified:<br />','O','Fields to Modify','','2011-09-21','2011-09-21',NULL,NULL);
INSERT INTO sbmFIELD VALUES ('MBIJOBSUBMIT',1,3,'JOBSUBMIT_CONT','<br /><br /></td></tr></table>','O','','','2011-09-21','2011-09-21',NULL,NULL);
INSERT INTO sbmFIELD VALUES ('SBIJOBSUBMIT',1,1,'JOBSUBMIT_TITLE','<TABLE CLASS=submission WIDTH=100% BGCOLOR=\"#D3E3E2\" ALIGN=\"center\" CELLSPACING=\"2\" CELLPADDING=\"2\" BORDER=\"1\"><TR><TD ALIGN=\"left\"><br /><b>Submit a Job Vacancy:</b><br /><br />Job Title:<br />','O','','','2011-09-21','2012-10-08',NULL,NULL);
INSERT INTO sbmFIELD VALUES ('SBIJOBSUBMIT',1,10,'JOBSUBMIT_URL','<br /><br />URL:<br />','O','','','2011-09-21','2011-09-21',NULL,NULL);
INSERT INTO sbmFIELD VALUES ('SBIJOBSUBMIT',1,11,'JOBSUBMIT_DATE','<br /><br />Deadline Date: <i>(yyyy-mm-dd)</i><br />','O','','DatCheckNew','2011-09-21','2011-09-21',NULL,NULL);
INSERT INTO sbmFIELD VALUES ('SBIJOBSUBMIT',1,12,'JOBSUBMIT_ABSTR','<br /><br />Job Description:<br />','O','','','2011-09-21','2011-09-21',NULL,NULL);
INSERT INTO sbmFIELD VALUES ('SBIJOBSUBMIT',1,13,'JOBSUBMIT_END','<br /><br /></td></tr></table><br />','O','','','2011-09-21','2011-09-21',NULL,NULL);
INSERT INTO sbmFIELD VALUES ('SBIJOBSUBMIT',1,2,'JOBSUBMIT_CONTA','<br /><br />Contact name:</br />','O','','','2011-09-21','2012-09-27',NULL,NULL);
INSERT INTO sbmFIELD VALUES ('SBIJOBSUBMIT',1,3,'JOBSUBMIT_EMAIL','<br /><br />Contact email:<br />','O','','','2011-09-21','2011-09-21',NULL,NULL);
INSERT INTO sbmFIELD VALUES ('SBIJOBSUBMIT',1,4,'JOBSUBMIT_REFEM','<br /><br />Email for reference letters:<br />','O','','','2011-09-21','2011-09-21',NULL,NULL);
INSERT INTO sbmFIELD VALUES ('SBIJOBSUBMIT',1,5,'JOBSUBMIT_AFFIL','<br /><br />Affiliated institute:<br />','O','','','2011-09-21','2011-09-21',NULL,NULL);
INSERT INTO sbmFIELD VALUES ('SBIJOBSUBMIT',1,6,'JOBSUBMIT_REG','<br /><br />Region:<br />','O','','','2011-09-21','2011-09-29',NULL,NULL);
INSERT INTO sbmFIELD VALUES ('SBIJOBSUBMIT',1,7,'JOBSUBMIT_RANK','<br /><br />Rank: <br /><small><i>Hold the Control key to choose multiple ranks</i></small><br />','O','','','2011-09-21','2011-09-21',NULL,NULL);
INSERT INTO sbmFIELD VALUES ('SBIJOBSUBMIT',1,8,'JOBSUBMIT_FIELD','<br /><br />Field of interest: <br /><small><i>Hold the Control key to choose multiple fields</i></small><br />','O','','','2011-09-21','2011-09-21',NULL,NULL);
INSERT INTO sbmFIELD VALUES ('SBIJOBSUBMIT',1,9,'JOBSUBMIT_EXP','<br /><br />Experiment: <br />','O','','','2011-09-21','2012-10-08',NULL,NULL);
INSERT INTO sbmFIELDDESC VALUES ('JOBSUBMIT_ABSTR',NULL,'520__a','R',NULL,20,80,NULL,NULL,'from invenio.htmlutils import get_html_text_editor\r\n\r\ntext = get_html_text_editor(\"JOBSUBMIT_ABSTR\",\r\ntoolbar_set=\"WebSubmit\",\r\nwidth=\'625px\',\r\nheight=\'400px\',\r\ncustom_configurations_path=\'/ckeditor/websubmit-ckeditor-config.js\')','2011-09-21','2013-04-05','<br />Job description:<br />',NULL,0);
INSERT INTO sbmFIELDDESC VALUES ('JOBSUBMIT_AFFIL',NULL,'110__a','D',NULL,1,30,NULL,NULL,'<input type=\"text\" placeholder=\"Start typing for autocomplete\" id=\"jobsubmitAffil\" name=\"JOBSUBMIT_AFFIL\">','2011-09-21','2013-05-14','<br />Affiliation:<br />',NULL,0);
INSERT INTO sbmFIELDDESC VALUES ('JOBSUBMIT_CHANG',NULL,'','S',NULL,NULL,NULL,NULL,NULL,'<select name=\"JOBSUBMIT_CHANG[]\" size=\"8\" multiple>\n <option value=\"JOBSUBMIT_TITLE\">Title</option>\n <option value=\"JOBSUBMIT_CONTA\">Contact Name</option>\n <option value=\"JOBSUBMIT_EMAIL\">Contact Email</option>\n <option value=\"JOBSUBMIT_REFEM\">Reference Email</option>\n <option value=\"JOBSUBMIT_AFFIL\">Institute</option>\n <option value=\"JOBSUBMIT_REG\">Region</option>\n <option value=\"JOBSUBMIT_RANK\">Rank</option>\n <option value=\"JOBSUBMIT_FIELD\">Field of Interest</option>\n <option value=\"JOBSUBMIT_EXP\">Experiment</option>\n <option value=\"JOBSUBMIT_URL\">URL</option>\n <option value=\"JOBSUBMIT_DATE\">Deadline Date</option>\n <option value=\"JOBSUBMIT_ABSTR\">Job Description</option>\n</select>','2011-09-21','2011-09-21',NULL,NULL,0);
INSERT INTO sbmFIELDDESC VALUES ('JOBSUBMIT_COMNT',NULL,'','T',NULL,6,60,NULL,NULL,NULL,'2011-10-18','2011-10-18',NULL,NULL,0);
INSERT INTO sbmFIELDDESC VALUES ('JOBSUBMIT_CONT',NULL,'','D',NULL,NULL,NULL,NULL,NULL,'<div align=\"center\">\n<input type=\"button\" class=\"adminbutton\" width=\"400\" height=\"50\" name=\"endS\" value=\"Continue\" onclick=\"finish();\" />\n</div>','2011-09-21','2011-09-21','<br />Contact name:<br />',NULL,0);
INSERT INTO sbmFIELDDESC VALUES ('JOBSUBMIT_CONTA',NULL,'270__p','I',NULL,1,30,NULL,NULL,NULL,'2011-09-21','2011-09-21','<br />Contact name:<br />',NULL,0);
INSERT INTO sbmFIELDDESC VALUES ('JOBSUBMIT_DATE',NULL,'046__i','D',NULL,1,30,NULL,NULL,'<input type=\"text\" value=\"\" onBlur=\"defText(this)\" onFocus=\"clearText(this)\" placeholder=\"yyyy-mm-dd\" id=\"datepicker\" name=\"JOBSUBMIT_DATE\">','2011-09-21','2011-12-05','<br />Deadline date:<br />',NULL,0);
INSERT INTO sbmFIELDDESC VALUES ('JOBSUBMIT_DECSN',NULL,'','S',NULL,NULL,NULL,NULL,NULL,'<select name=\"JOBSUBMIT_DECSN\">\n<option value=\"Select:\">Select:</option>\n<option value=\"approve\">Approve</option>\n<option value=\"reject\">Reject</option>\n</select>','2011-10-18','2011-10-18',NULL,NULL,0);
INSERT INTO sbmFIELDDESC VALUES ('JOBSUBMIT_EMAIL',NULL,'270__M','I',NULL,1,30,NULL,NULL,NULL,'2011-09-21','2011-09-21','<br />Contact email:<br />',NULL,0);
INSERT INTO sbmFIELDDESC VALUES ('JOBSUBMIT_END',NULL,'','D',NULL,NULL,NULL,NULL,NULL,'<INPUT TYPE=\"button\" class=\"submissionbutton\" name=\"JOBSUBMIT_END\" width=\"400\" height=\"50\" value=\"Finish Submission\" onclick=\"finish();\">','2011-09-21','2011-09-21',NULL,NULL,0);
INSERT INTO sbmFIELDDESC VALUES ('JOBSUBMIT_EXP',NULL,'693__e','D',NULL,1,30,NULL,NULL,'<input type=\"text\" placeholder=\"Start typing for autocomplete\" id=\"jobsubmitExp\" name=\"JOBSUBMIT_EXP\">','2011-09-21','2013-05-14','<br />Experiment:<br />',NULL,0);
INSERT INTO sbmFIELDDESC VALUES ('JOBSUBMIT_FIELD',NULL,'65017a','S',NULL,1,30,NULL,NULL,'<select name=\"JOBSUBMIT_FIELD\" multiple=\"yes\"> \n<option value=\"astro-ph\">astro-ph</option>\n<option value=\"cond-mat\">cond-mat</option> \n<option value=\"cs\">cs</option> \n<option value=\"gr-qc\">gr-qc</option> \n<option value=\"hep-ex\">hep-ex</option> \n<option value=\"hep-lat\">hep-lat</option> \n<option value=\"hep-ph\">hep-ph</option> \n<option value=\"hep-th\">hep-th</option> \n<option value=\"math\">math</option> \n<option value=\"math-ph\">math-ph</option> \n<option value=\"nucl-ex\">nucl-ex</option> \n<option value=\"nucl-th\">nucl-th</option> \n<option value=\"physics.acc-phys\">physics.acc-phys</option> \n<option value=\"physics.ins-det\">physics.ins-det</option> \n<option value=\"physics-other\">physics-other</option> \n<option value=\"quant\">quant-ph</option>\n</select>','2011-09-21','2011-09-21','<br />Field of interest:<br />',NULL,0);
INSERT INTO sbmFIELDDESC VALUES ('JOBSUBMIT_IRN',NULL,'970__a','I',NULL,NULL,NULL,NULL,NULL,NULL,'2011-09-21','2011-09-21',NULL,NULL,0);
INSERT INTO sbmFIELDDESC VALUES ('JOBSUBMIT_RANK',NULL,'656__a','S',NULL,1,30,NULL,NULL,'<select name=\"JOBSUBMIT_RANK\" multiple=\"yes\">\n <option value=\"Senior\">Senior (permanent)</option>\n <option value=\"Junior\">Junior (leads to Senior)</option>\n <option value=\"Postdoc\">Postdoc</option>\n <option value=\"Student\">Student</option>\n <option value=\"Visiting Scientist\">Visiting Scientist</option>\n <option value=\"Staff\">Staff (non-research position)</option>\n</select>','2011-09-21','2011-09-21','<br />Rank:<br />',NULL,0);
INSERT INTO sbmFIELDDESC VALUES ('JOBSUBMIT_REFEM',NULL,'270__o','I',NULL,1,30,NULL,NULL,NULL,'2011-09-21','2011-09-21','<br />Email for reference letters:<br />',NULL,0);
INSERT INTO sbmFIELDDESC VALUES ('JOBSUBMIT_REG',NULL,'043__a','S',NULL,1,30,NULL,NULL,'<select name=\"JOBSUBMIT_REG\">\n <option value=\"Africa\">Africa</option>\n <option value=\"Asia\">Asia</option>\n <option value=\"Australasia\">Australasia</option>\n <option value=\"Europe\">Europe</option>\n <option value=\"Middle East\">Middle East</option>\n <option value=\"North America\">North America</option>\n <option value=\"South America\">South America</option>\n </select>','2011-09-21','2011-09-29','<br />Region:<br />',NULL,0);
INSERT INTO sbmFIELDDESC VALUES ('JOBSUBMIT_TITLE',NULL,'245__a','I',NULL,1,30,NULL,NULL,NULL,'2011-09-21','2011-09-21','<br />Title:<br />',NULL,0);
INSERT INTO sbmFIELDDESC VALUES ('JOBSUBMIT_URL',NULL,'8564_u','I',NULL,1,30,NULL,NULL,NULL,'2011-09-21','2011-09-21','<br />URL:<br />',NULL,0);
INSERT INTO sbmFUNCTIONS VALUES ('APP','JOBSUBMIT','CaseEDS',40,1);
INSERT INTO sbmFUNCTIONS VALUES ('APP','JOBSUBMIT','Get_Info',40,2);
INSERT INTO sbmFUNCTIONS VALUES ('APP','JOBSUBMIT','Get_Info',40,3);
INSERT INTO sbmFUNCTIONS VALUES ('APP','JOBSUBMIT','Get_Recid',30,2);
INSERT INTO sbmFUNCTIONS VALUES ('APP','JOBSUBMIT','Get_Recid',30,3);
INSERT INTO sbmFUNCTIONS VALUES ('APP','JOBSUBMIT','Get_Report_Number',10,1);
INSERT INTO sbmFUNCTIONS VALUES ('APP','JOBSUBMIT','Get_Report_Number',10,2);
INSERT INTO sbmFUNCTIONS VALUES ('APP','JOBSUBMIT','Get_Report_Number',10,3);
INSERT INTO sbmFUNCTIONS VALUES ('APP','JOBSUBMIT','Is_Referee',30,1);
INSERT INTO sbmFUNCTIONS VALUES ('APP','JOBSUBMIT','JOBSUBMIT_Insert_Record',60,2);
INSERT INTO sbmFUNCTIONS VALUES ('APP','JOBSUBMIT','JOBSUBMIT_Send_APP_Mail',90,2);
INSERT INTO sbmFUNCTIONS VALUES ('APP','JOBSUBMIT','Make_Record',50,2);
INSERT INTO sbmFUNCTIONS VALUES ('APP','JOBSUBMIT','Move_From_Pending',20,2);
INSERT INTO sbmFUNCTIONS VALUES ('APP','JOBSUBMIT','Move_From_Pending',20,3);
INSERT INTO sbmFUNCTIONS VALUES ('APP','JOBSUBMIT','Move_to_Done',100,2);
INSERT INTO sbmFUNCTIONS VALUES ('APP','JOBSUBMIT','Move_to_Done',70,3);
INSERT INTO sbmFUNCTIONS VALUES ('APP','JOBSUBMIT','Print_Success_APP',60,3);
INSERT INTO sbmFUNCTIONS VALUES ('APP','JOBSUBMIT','Print_Success_APP',80,2);
INSERT INTO sbmFUNCTIONS VALUES ('APP','JOBSUBMIT','Test_Status',20,1);
INSERT INTO sbmFUNCTIONS VALUES ('APP','JOBSUBMIT','Update_Approval_DB',50,3);
INSERT INTO sbmFUNCTIONS VALUES ('APP','JOBSUBMIT','Update_Approval_DB',70,2);
INSERT INTO sbmFUNCTIONS VALUES ('MBI','JOBSUBMIT','Create_Modify_Interface',40,1);
INSERT INTO sbmFUNCTIONS VALUES ('MBI','JOBSUBMIT','Get_Recid',20,1);
INSERT INTO sbmFUNCTIONS VALUES ('MBI','JOBSUBMIT','Get_Recid',20,2);
INSERT INTO sbmFUNCTIONS VALUES ('MBI','JOBSUBMIT','Get_Report_Number',10,1);
INSERT INTO sbmFUNCTIONS VALUES ('MBI','JOBSUBMIT','Get_Report_Number',10,2);
INSERT INTO sbmFUNCTIONS VALUES ('MBI','JOBSUBMIT','Insert_Modify_Record',50,2);
INSERT INTO sbmFUNCTIONS VALUES ('MBI','JOBSUBMIT','JOBSUBMIT_Is_Original_Submitter',30,1);
INSERT INTO sbmFUNCTIONS VALUES ('MBI','JOBSUBMIT','JOBSUBMIT_Is_Original_Submitter',30,2);
INSERT INTO sbmFUNCTIONS VALUES ('MBI','JOBSUBMIT','Make_Modify_Record',40,2);
INSERT INTO sbmFUNCTIONS VALUES ('MBI','JOBSUBMIT','Move_to_Done',80,2);
INSERT INTO sbmFUNCTIONS VALUES ('MBI','JOBSUBMIT','Print_Success_MBI',60,2);
INSERT INTO sbmFUNCTIONS VALUES ('MBI','JOBSUBMIT','Send_Modify_Mail',70,2);
INSERT INTO sbmFUNCTIONS VALUES ('SBI','JOBSUBMIT','Create_Recid',10,1);
INSERT INTO sbmFUNCTIONS VALUES ('SBI','JOBSUBMIT','JOBSUBMIT_Mail_Submitter',40,1);
INSERT INTO sbmFUNCTIONS VALUES ('SBI','JOBSUBMIT','JOBSUBMIT_Print_Success',70,1);
INSERT INTO sbmFUNCTIONS VALUES ('SBI','JOBSUBMIT','JOBSUBMIT_Send_Approval_Request',60,1);
INSERT INTO sbmFUNCTIONS VALUES ('SBI','JOBSUBMIT','JOBSUBMIT_Split_Line',80,1);
INSERT INTO sbmFUNCTIONS VALUES ('SBI','JOBSUBMIT','Make_Dummy_MARC_XML_Record',30,1);
INSERT INTO sbmFUNCTIONS VALUES ('SBI','JOBSUBMIT','Move_to_Pending',90,1);
INSERT INTO sbmFUNCTIONS VALUES ('SBI','JOBSUBMIT','Report_Number_Generation',20,1);
INSERT INTO sbmFUNCTIONS VALUES ('SBI','JOBSUBMIT','Update_Approval_DB',50,1);
INSERT INTO sbmFUNDESC VALUES ('JOBSUBMIT_Mail_Submitter','authorfile');
INSERT INTO sbmFUNDESC VALUES ('JOBSUBMIT_Mail_Submitter','edsrn');
INSERT INTO sbmFUNDESC VALUES ('JOBSUBMIT_Mail_Submitter','emailFile');
INSERT INTO sbmFUNDESC VALUES ('JOBSUBMIT_Mail_Submitter','newrnin');
INSERT INTO sbmFUNDESC VALUES ('JOBSUBMIT_Mail_Submitter','status');
INSERT INTO sbmFUNDESC VALUES ('JOBSUBMIT_Mail_Submitter','titleFile');
INSERT INTO sbmFUNDESC VALUES ('JOBSUBMIT_Print_Success','edsrn');
INSERT INTO sbmFUNDESC VALUES ('JOBSUBMIT_Print_Success','newrnin');
INSERT INTO sbmFUNDESC VALUES ('JOBSUBMIT_Print_Success','status');
INSERT INTO sbmFUNDESC VALUES ('JOBSUBMIT_Send_APP_Mail','addressesAPP');
INSERT INTO sbmFUNDESC VALUES ('JOBSUBMIT_Send_APP_Mail','authorfile');
INSERT INTO sbmFUNDESC VALUES ('JOBSUBMIT_Send_APP_Mail','categformatAPP');
INSERT INTO sbmFUNDESC VALUES ('JOBSUBMIT_Send_APP_Mail','comments_file');
INSERT INTO sbmFUNDESC VALUES ('JOBSUBMIT_Send_APP_Mail','decision_file');
INSERT INTO sbmFUNDESC VALUES ('JOBSUBMIT_Send_APP_Mail','edsrn');
INSERT INTO sbmFUNDESC VALUES ('JOBSUBMIT_Send_APP_Mail','emailFile');
INSERT INTO sbmFUNDESC VALUES ('JOBSUBMIT_Send_APP_Mail','newrnin');
INSERT INTO sbmFUNDESC VALUES ('JOBSUBMIT_Send_Approval_Request','abstractfile');
INSERT INTO sbmFUNDESC VALUES ('JOBSUBMIT_Send_Approval_Request','addressesDAM');
INSERT INTO sbmFUNDESC VALUES ('JOBSUBMIT_Send_Approval_Request','affiliationfile');
INSERT INTO sbmFUNDESC VALUES ('JOBSUBMIT_Send_Approval_Request','categformatDAM');
INSERT INTO sbmFUNDESC VALUES ('JOBSUBMIT_Send_Approval_Request','contactemailfile');
INSERT INTO sbmFUNDESC VALUES ('JOBSUBMIT_Send_Approval_Request','contactnamefile');
INSERT INTO sbmFUNDESC VALUES ('JOBSUBMIT_Send_Approval_Request','datefile');
INSERT INTO sbmFUNDESC VALUES ('JOBSUBMIT_Send_Approval_Request','directory');
INSERT INTO sbmFUNDESC VALUES ('JOBSUBMIT_Send_Approval_Request','experimentsfile');
INSERT INTO sbmFUNDESC VALUES ('JOBSUBMIT_Send_Approval_Request','fieldfile');
INSERT INTO sbmFUNDESC VALUES ('JOBSUBMIT_Send_Approval_Request','rankfile');
INSERT INTO sbmFUNDESC VALUES ('JOBSUBMIT_Send_Approval_Request','referencefile');
INSERT INTO sbmFUNDESC VALUES ('JOBSUBMIT_Send_Approval_Request','regionfile');
INSERT INTO sbmFUNDESC VALUES ('JOBSUBMIT_Send_Approval_Request','titleFile');
INSERT INTO sbmFUNDESC VALUES ('JOBSUBMIT_Send_Approval_Request','urlfile');
INSERT INTO sbmIMPLEMENT VALUES ('JOBSUBMIT','APP','Y','APPJOBSUBMIT',1,'2011-10-18','2011-10-18',3,'','',0,1,'');
INSERT INTO sbmIMPLEMENT VALUES ('JOBSUBMIT','MBI','Y','MBIJOBSUBMIT',1,'2011-09-19','2011-09-21',2,'','',0,0,'');
INSERT INTO sbmIMPLEMENT VALUES ('JOBSUBMIT','SBI','Y','SBIJOBSUBMIT',1,'2011-08-24','2012-10-08',1,'','',0,0,' ');
INSERT INTO sbmPARAMETERS VALUES ('JOBSUBMIT','abstractfile','JOBSUBMIT_ABSTR');
INSERT INTO sbmPARAMETERS VALUES ('JOBSUBMIT','addressesAPP','');
INSERT INTO sbmPARAMETERS VALUES ('JOBSUBMIT','addressesDAM','jobs@inspirehep.net');
INSERT INTO sbmPARAMETERS VALUES ('JOBSUBMIT','affiliationfile','JOBSUBMIT_AFFIL');
INSERT INTO sbmPARAMETERS VALUES ('JOBSUBMIT','authorfile','JOBSUBMIT_CONTA');
INSERT INTO sbmPARAMETERS VALUES ('JOBSUBMIT','autorngen','Y');
INSERT INTO sbmPARAMETERS VALUES ('JOBSUBMIT','casedefault','approve');
INSERT INTO sbmPARAMETERS VALUES ('JOBSUBMIT','casesteps','2,3');
INSERT INTO sbmPARAMETERS VALUES ('JOBSUBMIT','casevalues','approve,reject');
INSERT INTO sbmPARAMETERS VALUES ('JOBSUBMIT','casevariable','JOBSUBMIT_DECSN');
INSERT INTO sbmPARAMETERS VALUES ('JOBSUBMIT','categformatDAM','JOBSUBMIT-<CATEG>-.*');
INSERT INTO sbmPARAMETERS VALUES ('JOBSUBMIT','comments_file','JOBSUBMIT_COMNT');
INSERT INTO sbmPARAMETERS VALUES ('JOBSUBMIT','contactemailfile','JOBSUBMIT_EMAIL');
INSERT INTO sbmPARAMETERS VALUES ('JOBSUBMIT','contactnamefile','JOBSUBMIT_CONTA');
INSERT INTO sbmPARAMETERS VALUES ('JOBSUBMIT','counterpath','lastid_JOBSUBMIT_JOB_<PA>yy</PA>   ');
INSERT INTO sbmPARAMETERS VALUES ('JOBSUBMIT','createTemplate','JOBSUBMITcreate.tpl');
INSERT INTO sbmPARAMETERS VALUES ('JOBSUBMIT','datefile','JOBSUBMIT_DATE');
INSERT INTO sbmPARAMETERS VALUES ('JOBSUBMIT','decision_file','JOBSUBMIT_DECSN');
INSERT INTO sbmPARAMETERS VALUES ('JOBSUBMIT','edsrn','JOBSUBMIT_IRN');
INSERT INTO sbmPARAMETERS VALUES ('JOBSUBMIT','emailFile','JOBSUBMIT_EMAIL');
INSERT INTO sbmPARAMETERS VALUES ('JOBSUBMIT','experimentsfile','JOBSUBMIT_EXP');
INSERT INTO sbmPARAMETERS VALUES ('JOBSUBMIT','fieldfile','JOBSUBMIT_FIELD');
INSERT INTO sbmPARAMETERS VALUES ('JOBSUBMIT','fieldnameMBI','JOBSUBMIT_CHANG');
INSERT INTO sbmPARAMETERS VALUES ('JOBSUBMIT','modifyTemplate','JOBSUBMITmodify.tpl');
INSERT INTO sbmPARAMETERS VALUES ('JOBSUBMIT','newrnin','NEWRN');
INSERT INTO sbmPARAMETERS VALUES ('JOBSUBMIT','rankfile','JOBSUBMIT_RANK');
INSERT INTO sbmPARAMETERS VALUES ('JOBSUBMIT','referencefile','JOBSUBMIT_REFEM');
INSERT INTO sbmPARAMETERS VALUES ('JOBSUBMIT','regionfile','JOBSUBMIT_REG');
INSERT INTO sbmPARAMETERS VALUES ('JOBSUBMIT','rnformat','JOBSUBMIT-JOB-<PA>yy</PA>');
INSERT INTO sbmPARAMETERS VALUES ('JOBSUBMIT','rnin','comboJOBSUBMIT');
INSERT INTO sbmPARAMETERS VALUES ('JOBSUBMIT','sourceDoc','Textual Document');
INSERT INTO sbmPARAMETERS VALUES ('JOBSUBMIT','sourceTemplate','JOBSUBMIT.tpl');
INSERT INTO sbmPARAMETERS VALUES ('JOBSUBMIT','status','ADDED');
INSERT INTO sbmPARAMETERS VALUES ('JOBSUBMIT','titleFile','JOBSUBMIT_TITLE');
INSERT INTO sbmPARAMETERS VALUES ('JOBSUBMIT','urlfile','JOBSUBMIT_URL');
INSERT INTO sbmPARAMETERS VALUES ('JOBSUBMIT','yeargen','AUTO');
